{
  "meta": {
    "project_root": "/home/zhsiller/research/ROSE",
    "python": "/home/zhsiller/research/ROSE/rose_env/bin/python3",
    "n_runs": 10
  },
  "rose": {
    "wall_time_s": {
      "n": 10,
      "mean_s": 52.24749061449984,
      "std_s": 2.4583897916080275,
      "min_s": 49.456436025000585,
      "max_s": 56.650667455000075,
      "per_trial_s": [
        50.22759070399843,
        49.456436025000585,
        56.650667455000075,
        52.48482931599938,
        51.04712068600202,
        56.47068519000095,
        51.07477959899916,
        51.16731313299897,
        52.682878958999936,
        51.21260507799889
      ]
    },
    "reported_timer_s": {
      "n": 10,
      "mean_s": 51.72222399711609,
      "std_s": 2.4597972496675236,
      "min_s": 48.89202904701233,
      "max_s": 56.12792348861694,
      "per_trial_s": [
        49.71452879905701,
        48.89202904701233,
        56.12792348861694,
        51.9740686416626,
        50.510765075683594,
        55.931190729141235,
        50.54783010482788,
        50.661827087402344,
        52.16748642921448,
        50.69459056854248
      ]
    },
    "mse": {
      "n_trials": 10,
      "lengths_per_trial": [
        11,
        11,
        11,
        11,
        11,
        11,
        11,
        11,
        11,
        11
      ],
      "min_length": 11,
      "mean_per_iteration": [
        0.004824023367098204,
        0.0055974654631530205,
        0.002150674914336829,
        0.001371291067297545,
        6.038268563072703e-05,
        5.079713854016297e-05,
        4.147007346633147e-05,
        3.724445828399507e-05,
        9.940980027701859e-06,
        6.499044820241061e-06,
        3.083191901299677e-06
      ],
      "std_per_iteration": [
        9.14279549108516e-19,
        0.0007002111870592942,
        4.2730119122556524e-05,
        0.00033098809625444733,
        1.5140351072816855e-05,
        1.6782352241454184e-05,
        2.4185225000461848e-05,
        2.9076445281057842e-05,
        1.406203409611799e-06,
        5.770387912210958e-07,
        1.0775022569287246e-06
      ],
      "per_trial": [
        [
          0.0048240233670982045,
          0.006140968000995207,
          0.0020787502487720055,
          0.0015500445297052514,
          3.19664135794785e-05,
          3.5179834363853734e-05,
          4.0788492043918966e-05,
          4.2672791240699555e-05,
          1.09496932124011e-05,
          6.026447083721051e-06,
          1.8021336055232367e-06
        ],
        [
          0.0048240233670982045,
          0.004909568989223667,
          0.002127427111580654,
          0.0015938274058023185,
          7.727680148326258e-05,
          2.5903674551771834e-05,
          3.0091557211607693e-05,
          1.0300317379095621e-05,
          9.502382669989065e-06,
          5.625719833296487e-06,
          2.939201955749039e-06
        ],
        [
          0.0048240233670982045,
          0.006187401146186796,
          0.00217516612282229,
          0.0010154649485400419,
          8.188812449676615e-05,
          3.651334384440017e-05,
          1.813808427446781e-05,
          1.2784320477491458e-05,
          8.188847860102453e-06,
          6.293701541485231e-06,
          4.431261391169447e-06
        ],
        [
          0.0048240233670982045,
          0.004914553239561166,
          0.0021040448525807315,
          0.0009813962799571725,
          6.735668615826738e-05,
          7.396059485970157e-05,
          1.4118716382475669e-05,
          1.2205356658678119e-05,
          7.86917307402683e-06,
          6.534604203466003e-06,
          3.6191990130187378e-06
        ],
        [
          0.0048240233670982045,
          0.006335933838668749,
          0.0021995806362181238,
          0.0016820355001943088,
          5.7678681035639814e-05,
          5.6354957881532715e-05,
          6.660909690876546e-05,
          7.229209892036683e-05,
          1.1237151410717347e-05,
          6.865687804517449e-06,
          2.288710215295064e-06
        ],
        [
          0.0048240233670982045,
          0.0049406986278524405,
          0.0021318856416328233,
          0.0009715590033907816,
          4.5949665000764894e-05,
          5.4345691011988477e-05,
          5.933129054256623e-05,
          2.5371896405168157e-05,
          9.808747272047565e-06,
          6.301045288525573e-06,
          3.959151228560057e-06
        ],
        [
          0.0048240233670982045,
          0.004920446732619767,
          0.0021443453514474603,
          0.0016206249848157847,
          5.232128732459255e-05,
          5.7157602369390555e-05,
          6.941878913872823e-05,
          7.577430520082312e-05,
          1.0305191861911e-05,
          5.966578131437629e-06,
          2.1573560562486556e-06
        ],
        [
          0.0048240233670982045,
          0.006333836807457956,
          0.0022179909839158927,
          0.001683798105041827,
          5.6414545841749084e-05,
          6.613925541014231e-05,
          7.571923426087261e-05,
          8.18863787297126e-05,
          1.239456518092606e-05,
          7.228981407083416e-06,
          2.0412742908445316e-06
        ],
        [
          0.0048240233670982045,
          0.004994563787441602,
          0.0021757207409636224,
          0.0009897074047880206,
          5.984780155434078e-05,
          6.868696383450258e-05,
          2.446075819368697e-05,
          2.8448044433697413e-05,
          1.0321754306041661e-05,
          6.676005442639617e-06,
          2.7191158256071897e-06
        ],
        [
          0.0048240233670982045,
          0.00629668346152285,
          0.002151837453434685,
          0.001624452510739944,
          7.31268498324086e-05,
          3.372946727434579e-05,
          1.602471570622506e-05,
          1.0709073394217728e-05,
          8.83229342885551e-06,
          7.471677466238166e-06,
          4.874515430980807e-06
        ]
      ]
    }
  },
  "standard": {
    "wall_time_s": {
      "n": 10,
      "mean_s": 42.673267751501044,
      "std_s": 1.3368230198528634,
      "min_s": 40.87714162700286,
      "max_s": 44.81024908600011,
      "per_trial_s": [
        40.87714162700286,
        41.73034041400024,
        41.39258649900148,
        44.32323557900236,
        44.81024908600011,
        42.632762598001136,
        43.73726509900007,
        41.67110831999889,
        42.116030029003014,
        43.44195826400028
      ]
    },
    "reported_timer_s": {
      "n": 10,
      "mean_s": 42.61074562072754,
      "std_s": 1.337238608644042,
      "min_s": 40.814940452575684,
      "max_s": 44.75013780593872,
      "per_trial_s": [
        40.814940452575684,
        41.66520547866821,
        41.32816219329834,
        44.2611198425293,
        44.75013780593872,
        42.56866955757141,
        43.67487287521362,
        41.61058712005615,
        42.05651545524597,
        43.37724542617798
      ]
    },
    "mse": {
      "n_trials": 10,
      "lengths_per_trial": [
        11,
        11,
        11,
        11,
        11,
        11,
        11,
        11,
        11,
        11
      ],
      "min_length": 11,
      "mean_per_iteration": [
        0.004824023367098204,
        0.005506328501656667,
        0.002180931454317261,
        0.001197574377921146,
        6.666100329693346e-05,
        5.299894333870832e-05,
        5.778872924285545e-05,
        2.9784609136130853e-05,
        1.0240291306210902e-05,
        6.145095945574935e-06,
        3.75744966622751e-06
      ],
      "std_per_iteration": [
        9.14279549108516e-19,
        0.0006828069472491883,
        2.0041687296357044e-05,
        0.0003172931226509928,
        9.49940056697138e-06,
        1.8073396936877293e-05,
        2.187135111900977e-05,
        1.8342560986263392e-05,
        8.914979450431018e-07,
        1.300687345983606e-06,
        1.374918955955755e-06
      ],