{
  "meta": {
    "project_root": "/home/zhsiller/research/ROSE",
    "python": "/home/zhsiller/research/ROSE/rose_env/bin/python3",
    "n_runs": 10
  },
  "rose": {
    "wall_time_s": {
      "n": 10,
      "mean_s": 51.33713584899961,
      "std_s": 0.8804545676794561,
      "min_s": 50.51243197400254,
      "max_s": 53.67168499899708,
      "per_trial_s": [
        51.22376570900087,
        53.67168499899708,
        51.11716370099748,
        50.683977060998586,
        51.59134579300007,
        51.29183087600177,
        51.20999047499936,
        50.81920918999822,
        50.51243197400254,
        51.24995871200008
      ]
    },
    "reported_timer_s": {
      "n": 10,
      "mean_s": 50.792982411384585,
      "std_s": 0.8742050982604984,
      "min_s": 49.97322082519531,
      "max_s": 53.105385541915894,
      "per_trial_s": [
        50.59253549575806,
        53.105385541915894,
        50.56394910812378,
        50.157397747039795,
        51.06601905822754,
        50.77265191078186,
        50.69200158119202,
        50.2695198059082,
        49.97322082519531,
        50.73714303970337
      ]
    },
    "mse": {
      "n_trials": 10,
      "lengths_per_trial": [
        11,
        11,
        11,
        11,
        11,
        11,
        11,
        11,
        11,
        11
      ],
      "min_length": 11,
      "mean_per_iteration": [
        0.004824023367098204,
        0.005602527498198062,
        0.0021660226554285856,
        0.001372827718649865,
        6.0325694603286905e-05,
        5.614274860414086e-05,
        6.0923110421062084e-05,
        4.5091987205598646e-05,
        1.0184336673359074e-05,
        5.986157671397739e-06,
        3.815009126748068e-06
      ],
      "std_per_iteration": [
        9.14279549108516e-19,
        0.000694733013174624,
        3.067721550418001e-05,
        0.00032742736045767524,
        1.2898900581494074e-05,
        1.525364023588442e-05,
        1.8429746481378937e-05,
        3.150387813592222e-05,
        8.494712710686699e-07,
        1.077745165001435e-06,
        1.0193051101203408e-06
      ],
      "per_trial": [
        [
          0.0048240233670982045,
          0.004897624177225803,
          0.002110071114598336,
          0.001578700838760227,
          3.820328219226954e-05,
          4.9137630760116746e-05,
          5.646321535912013e-05,
          6.211258989207108e-05,
          1.0937585266476783e-05,
          6.4077517557910605e-06,
          2.299961309790819e-06
        ],
        [
          0.0048240233670982045,
          0.004955852660061082,
          0.002195035575497822,
          0.0016653190929194935,
          8.356693978884014e-05,
          3.587538705911095e-05,
          4.1841285766508135e-05,
          1.1970817640380131e-05,
          8.986594498077721e-06,
          7.7966661841829e-06,
          5.000678202736815e-06
        ],
        [
          0.0048240233670982045,
          0.004978498520118935,
          0.0021637973140829986,
          0.0009843153617621935,
          5.762881447720527e-05,
          6.655721899419354e-05,
          7.698638890315192e-05,
          1.389631060772255e-05,
          9.794511826581085e-06,
          4.943002665744441e-06,
          2.37699764206831e-06
        ],
        [
          0.0048240233670982045,
          0.006162660333077817,
          0.002188648292910835,
          0.0009926042872246276,
          6.237604335128835e-05,
          7.430262918013228e-05,
          8.250587913319606e-05,
          1.4315760224813481e-05,
          1.0474917261721475e-05,
          5.527039747042741e-06,
          5.124553623840095e-06
        ],
        [
          0.0048240233670982045,
          0.006308690624179047,
          0.0021537956797812313,
          0.0016393616321712517,
          6.402095073781625e-05,
          6.552582879434974e-05,
          7.985498751766927e-05,
          8.80616005159771e-05,
          1.045294444701438e-05,
          7.907743619077365e-06,
          3.788946887641225e-06
        ],
        [
          0.0048240233670982045,
          0.0049014728162753395,
          0.0021387560345088306,
          0.0016078269132205891,
          5.368310262034686e-05,
          6.0726807103805164e-05,
          7.106094617325985e-05,
          7.629288341964345e-05,
          9.486411560479056e-06,
          5.461433039487122e-06,
          3.2480176181915635e-06
        ],
        [
          0.0048240233670982045,
          0.006342088418770184,
          0.00218318478231089,
          0.0016592432814638962,
          5.1409480647699506e-05,
          5.158719354852948e-05,
          6.427815973699235e-05,
          6.87252281086169e-05,
          1.0763719892995478e-05,
          5.569895206707154e-06,
          4.278686885901475e-06
        ],
        [
          0.0048240233670982045,
          0.004994456426269788,
          0.002192826238762166,
          0.0009872392339092446,
          5.393413020368575e-05,
          6.111807816590198e-05,
          6.758133106184497e-05,
          7.402597283716114e-05,
          1.0458262603660304e-05,
          4.898871737118975e-06,
          4.294644730897128e-06
        ],
        [
          0.0048240233670982045,
          0.0062191520782901065,
          0.0021348644961882023,
          0.0016032650488264069,
          7.696812984972146e-05,
          2.6869986799466813e-05,
          3.134419552613607e-05,
          1.0137522337567979e-05,
          8.96379896770674e-06,
          5.373156031748041e-06,
          4.608358782889648e-06
        ],
        [
          0.0048240233670982045,
          0.006264778927712511,
          0.0021992470256445486,
          0.0010104014962407201,
          6.146607216399598e-05,
          6.972672563580184e-05,
          3.731471503274204e-05,
          3.138118647203267e-05,
          1.1524620408877718e-05,
          5.976016727077604e-06,
          3.1292455835236056e-06
        ]
      ]
    }
  },
  "standard": {
    "wall_time_s": {
      "n": 10,
      "mean_s": 42.592067351099466,
      "std_s": 0.8564651171519458,
      "min_s": 41.687116140998114,
      "max_s": 44.126648950001254,
      "per_trial_s": [
        44.126648950001254,
        44.029317212000024,
        42.04791744300019,
        42.37267836399769,
        41.687116140998114,
        42.287172144999204,
        42.097838564000995,
        42.51775593599814,
        42.9169487759973,
        41.83727998000177
      ]
    },
    "reported_timer_s": {
      "n": 10,
      "mean_s": 42.55217876434326,
      "std_s": 0.8544986569839147,
      "min_s": 41.646506786346436,
      "max_s": 44.08044910430908,
      "per_trial_s": [
        44.08044910430908,
        43.987361669540405,
        42.00996422767639,
        42.33031225204468,
        41.646506786346436,
        42.254963397979736,
        42.05555725097656,
        42.477153062820435,
        42.87913274765015,
        41.800387144088745
      ]
    },
    "mse": {
      "n_trials": 10,
      "lengths_per_trial": [
        11,
        11,
        11,
        11,
        11,
        11,
        11,
        11,
        11,
        11
      ],
      "min_length": 11,
      "mean_per_iteration": [
        0.004824023367098204,
        0.005774717754566936,
        0.002176138236953582,
        0.0013901294638172918,
        6.381387998187085e-05,
        5.685175996138111e-05,
        4.417679224940544e-05,
        3.923812835762816e-05,
        1.034655133442738e-05,
        6.5116970274818975e-06,
        3.6794119421249537e-06
      ],
      "std_per_iteration": [
        9.14279549108516e-19,
        0.0006877160202106098,
        3.3371512283254916e-05,
        0.00032047511851383316,
        1.3637866860237915e-05,
        1.9225509546006056e-05,
        2.3851002073930284e-05,
        2.40566962499493e-05,
        1.1298507137738508e-06,
        1.3225016624603952e-06,
        1.5743003653115282e-06
      ],