{"uncertainty": [[0.06945518963402378, 0.07020705517159319, 0.046526078536257065, 0.040468101606957484, 0.007815944884232146, 0.0082302774458585, 0.009079680034282578, 0.009460462906902965, 0.0030176584169325977, 0.00250963964136101, 0.0015674690627557595], [0.06945518963402378, 0.07070895670552473, 0.04727661734992359, 0.032246297144821176, 0.008770504019264805, 0.009321828465845365, 0.0062213814532428675, 0.005807069774598006, 0.0034900810235491513, 0.0024156368408448942, 0.001814998627490397], [0.06945518963402378, 0.07949196452098663, 0.04618494509538661, 0.039994526579022985, 0.008426582678386274, 0.0055722091131438604, 0.006006289141150715, 0.003196160907266287, 0.0029806773798295603, 0.0027440319720371, 0.0022211561983845845], [0.06945518963402378, 0.07947457636749644, 0.04636448614418149, 0.04033955338480568, 0.008267125482929249, 0.008637949574359028, 0.004035875882480112, 0.0034706280617257438, 0.0031481799991947158, 0.002460604716596723, 0.0015528527225326548], [0.06945518963402378, 0.07018387219125756, 0.04649819886995396, 0.04040493146692078, 0.006748217140810005, 0.0071695080836596614, 0.007464490292185286, 0.007621328985719785, 0.0031011475607597844, 0.002574094497096084, 0.0019458243959169185]], "random": [[0.06945518963402378, 0.06303499324316489, 0.04578076696035053, 0.04255363908046835, 0.044345584636826016, 0.03516957046798828, 0.03287387888870613, 0.03187534867864386, 0.03268410018828809, 0.03223170069557966, 0.013049222891932983], [0.06945518963402378, 0.06336575854740387, 0.06517963431801806, 0.04108397405091868, 0.04314621442654018, 0.025121087672845186, 0.02604130942622105, 0.02728502406272345, 0.02046810081927283, 0.01878448702168545, 0.013057100359609873], [0.06945518963402378, 0.06287718302384715, 0.059601903610333254, 0.05501034862458692, 0.05006810271584156, 0.04950771906459518, 0.049538664902480205, 0.03612818495248453, 0.023186871537275187, 0.022691657772342937, 0.022729177646717603], [0.06945518963402378, 0.064398781465979, 0.06489704795586267, 0.06402897986768355, 0.06384966046319582, 0.03497297056423009, 0.03069416517561253, 0.015123315036094861, 0.00503827689883454, 0.00469918318595961, 0.002351820606633803], [0.06945518963402378, 0.06771332348790696, 0.060031218283553754, 0.05202676951820688, 0.03393153086159805, 0.032620429062439595, 0.034409054577847695, 0.03283473224188561, 0.03290628772492545, 0.0033986933166955833, 0.003195011214039867]]}