{
  "param_names": [
    "p_high",
    "p_low",
    "rho_high",
    "rho_low"
  ],
  "truth": [
    90000.0,
    9000.0,
    0.9,
    0.12
  ],
  "prior_mean": [
    100516.71493736612,
    9415.759393323475,
    0.9781856906327236,
    0.13038728125638555
  ],
  "prior_std": [
    23120.317397490082,
    2570.5429069675006,
    0.2511657091295778,
    0.028013283754327073
  ],
  "analysis_mean": [
    91528.37958258264,
    10425.304079558011,
    0.6307806731406248,
    0.09752781752586934
  ],
  "analysis_std": [
    20251.454165494197,
    2167.27336467248,
    1.036372861645187,
    0.04302669248181372
  ],
  "rel_error": [
    0.016981995362029313,
    0.1583671199508901,
    0.2991325853993058,
    0.18726818728442216
  ],
  "n_members": 80,
  "analysis_members": [
    [
      111993.26014589009,
      110971.57576694197,
      87354.46265267913,
      85965.45746553793,
      82948.90691699524,
      83395.5474565019,
      53003.400758398944,
      50060.62119762132,
      71766.42323075225,
      71726.37420447645,
      101992.91049415282,
      106335.93083902243,
      81591.36611661984,
      79512.73910269025,
      50821.512350227655,
      49387.09080971013,
      97525.96387659182,
      98279.92313749276,
      104921.16101204453,
      102494.67674124266,
      109113.2589391463,
      102700.14028279002,
      122136.96226093045,
      128694.43491660856,
      77595.45278053914,
      77874.1614038577,
      108161.73138649418,
      103653.81632732907,
      112104.65484438986,
      114222.66936511234,
      101794.86938627333,
      101196.27170444102,
      100026.99686391666,
      103471.03431068045,
      121632.73007893522,
      127364.33112365994,
      135778.40433228685,
      134351.95355962572,
      112312.24009963221,
      108802.7007864602,
      64339.20119788259,
      60698.327084114666,
      90722.72811285371,
      94669.96903728409,
      95446.09081748503,
      99698.04753913113,
      44602.8702142964,
      50645.68094337778,
      88264.837264422,
      85005.38557064731,
      83125.5563454367,
      82179.81387350144,
      87224.54404333884,
      82340.13878646225,
      77179.94773557314,
      79769.6836425863,
      109416.29781720512,
      106025.52560320664,
      98657.09774221129,
      90107.50429482307,
      80680.48148270522,
      81932.22973105445,
      92435.11170255713,
      95252.48966011815,
      73631.21596475074,
      73128.50221063857,
      67848.81738036196,
      68147.03753680282,
      106351.5804832366,
      101143.25002439505,
      113970.17440782489,
      110699.04859315374,
      81826.52835306848,
      83959.4482824124,
      105594.07427428852,
      98579.71566920001,
      100307.35122177537,
      97650.49001816838,
      62414.77217627388,
      71560.68073928736
    ],
    [
      10974.73420396402,
      11132.945959986177,
      11397.915340596137,
      11301.09590697478,
      10545.59507266134,
      10320.938415705894,
      12263.921662304769,
      12378.352801521542,
      10027.290811477966,
      10111.36390421262,
      6907.754583955833,
      6406.643273068555,
      9835.585018292253,
      9482.892484514869,
      8891.269615951798,
      9147.258109869133,
      10343.192578233979,
      10287.447454064348,
      6927.116198930616,
      6962.8888695467485,
      13125.034230032015,
      13229.552664188855,
      10087.45868023765,
      9792.19097634915,
      10884.467972712555,
      10950.421825192132,
      12217.42087893925,
      12661.288686411131,
      13252.5733794144,
      13152.986069088867,
      10117.496994829798,
      10207.589929925794,
      13029.11304754217,
      13194.301599048154,
      10591.457678467483,
      10626.22848376075,
      11023.15363743797,
      11181.524852797605,
      17235.074308605545,
      16928.88907035976,
      10866.493907813185,
      11306.283451942501,
      7281.925545524774,
      7090.984801262287,
      12446.987327768209,
      12202.717816227894,
      8500.73147352977,
      8585.98803921901,
      4463.067136881849,
      4355.430481513479,
      9018.072737617284,
      8771.118558141894,
      7103.969996336924,
      7176.728397289059,
      10170.872071868602,
      10852.045118089816,
      10188.048989783512,
      10029.74431837751,
      11746.609505280467,
      11532.536813568042,
      11944.706638107284,
      11828.101125076308,
      9524.012089671643,
      9474.659999542071,
      8600.241495435752,
      8739.853852659446,
      9584.456986652971,
      9162.479012110187,
      10720.355151271091,
      10366.925819437185,
      11097.337107280284,
      11074.753881838087,
      12619.382612472427,
      12460.805663286797,
      10427.826253745156,
      10237.089485020831,
      11017.838175178134,
      11045.92591230544,
      10788.893256970687,
      10483.89812736879
    ],
    [
      1.5439624558862217,
      1.6332388210583897,
      0.3058074494697247,
      0.3637246360803892,
      0.03454127877077662,
      0.016235449484772513,
      -1.555020175271884,
      -1.565716300496812,
      -0.6449469112051125,
      -0.7014910908618484,
      0.5324379054515747,
      0.5601300449916582,
      -0.689943851399899,
      -0.7847686270042322,
      -1.812694398989105,
      -1.7995752645872307,
      0.08027347174371857,
      -0.007019777510106184,
      1.8442096536871928,
      1.8077691457254705,
      0.539590393675574,
      0.6138340623669925,
      1.8467652670135912,
      1.8758049732307907,
      -0.03088403478661217,
      -0.05713318202560291,
      0.2118073770789095,
      0.23010599041932833,
      0.44174686187469847,
      0.44321268129207125,
      -0.016259008792449015,
      0.00757984336816131,
      0.6512962602146437,
      0.6784660416474628,
      1.1487775772326267,
      1.0908578042633426,
      1.480685768441973,
      1.4811552843429348,
      -0.3840919984645146,
      -0.3735219090039348,
      -0.1864180125039654,
      -0.1388568202906595,
      0.04592372211993356,
      0.121049282085955,
      1.3377233433709774,
      1.322808050267085,
      -0.06175029253001063,
      0.013602813551428339,
      1.0794399295165003,
      1.1595003236145611,
      1.859803267300926,
      1.8794379523421592,
      0.5134250085446388,
      0.5386442152280937,
      -0.6185147048816722,
      -0.5824593046271931,
      3.4057445051173567,
      3.4151821324548624,
      0.8811545358671536,
      0.9042514854147627,
      1.3964710870366468,
      1.4136036591719323,
      1.5271378184481623,
      1.4618847038252716,
      0.6488315731542542,
      0.6732685742867679,
      0.6114253649380119,
      0.594933836904576,
      2.308723305123869,
      2.321667782211328,
      1.8704326491722034,
      1.8606173882103256,
      -0.0861922379836404,
      -0.07312659171468439,
      1.8484007626184602,
      1.9126222463935003,
      0.843706858955728,
      0.8747696466371024,
      0.21815699597168703,
      0.3044770275119375
    ],
    [
      0.14963030366359595,
      0.14045939360198068,
      0.08382208799568719,
      0.08719809217974499,
      0.08392664810182475,
      0.08771097100135156,
      -0.009132124807161884,
      -0.015580446609813003,
      0.04714794184358147,
      0.03602808197730076,
      0.11007056905367116,
      0.129639847979792,
      0.07783086562312075,
      0.07171960622227366,
      -0.01676101622779136,
      -0.01563870971897166,
      0.10332363014937754,
      0.09555096318212336,
      0.13656564270648258,
      0.1340079463772922,
      0.09031115788685007,
      0.0945666388200867,
      0.11083338293968403,
      0.13406197760393457,
      0.03390579591721046,
      0.027778325972754925,
      0.09551037944375829,
      0.09483971971998013,
      0.08838530789600782,
      0.08354037654440369,
      0.1047712525731157,
      0.11370769612300183,
      0.10380152306641835,
      0.09468492794332622,
      0.08904019590559097,
      0.08296356839085595,
      0.1223275864035054,
