{
  "param_names": [
    "p_high",
    "p_low",
    "rho_high",
    "rho_low"
  ],
  "truth": [
    100000.0,
    10000.0,
    1.0,
    0.125
  ],
  "prior_mean": [
    100206.68597494645,
    9766.30375732939,
    0.9912742762530893,
    0.12715491250255423
  ],
  "prior_std": [
    9248.126958996032,
    1028.2171627870005,
    0.1004662836518311,
    0.011205313501730828
  ],
  "analysis_mean": [
    100777.61633149332,
    10011.851886645278,
    1.0500264534979595,
    0.12173901078935498
  ],
  "analysis_std": [
    7515.045697643262,
    932.2479303278029,
    0.4195621540053541,
    0.01785225999517881
  ],
  "rel_error": [
    0.007776163314933219,
    0.0011851886645277772,
    0.05002645349795953,
    0.02608791368516017
  ],
  "n_members": 40,
  "analysis_members": [
    [
      104201.4467761068,
      102393.85205545218,
      99677.63951665847,
      89714.23323280858,
      96572.63715625161,
      101362.64485388866,
      94729.45572548672,
      89620.92368104564,
      102802.32899940507,
      107999.70178520026,
      108113.86376221596,
      113829.28828932394,
      104524.94337950242,
      102067.39761860388,
      110202.32008871029,
      105889.77761816618,
      114180.7548504777,
      110430.0479003519,
      114781.76872566306,
      110924.446990769,
      94424.33781573307,
      83830.70659254641,
      96953.66522926437,
      88204.64092362527,
      92208.35389497345,
      95610.21108024604,
      95201.39220860667,
      90718.1284827242,
      108084.29839762162,
      98672.10610165496,
      98825.44473014506,
      99736.01208508796,
      95785.70833936789,
      96793.1688870699,
      107521.18982379157,
      105630.64255169101,
      95487.11887841197,
      105251.17896130533,
      99033.3560930319,
      99113.5191767462
    ],
    [
      10177.079048898873,
      10436.296396333364,
      10100.625088284225,
      10695.75649093663,
      10036.44653583298,
      8099.336162841348,
      9812.150123763944,
      9270.846579919791,
      9781.151060082364,
      8599.743129974455,
      11239.871192515424,
      9634.952851472075,
      10173.180496914683,
      10822.847786725248,
      10904.57367197096,
      9633.902501973089,
      10899.832128305961,
      10117.353078505412,
      10613.910147579827,
      12822.804546222098,
      10561.639386613671,
      8576.69012267266,
      10945.032387868274,
      9621.457626003743,
      7641.620061283305,
      9296.110246184855,
      8686.93419453133,
      10157.829330079992,
      10265.934007240561,
      10742.626854556776,
      10581.85041998652,
      9460.605570573232,
      8975.474749181372,
      9238.38254299065,
      10154.945736544201,
      10361.04581613325,
      10933.304014852523,
      10057.423067180876,
      10497.113021616477,
      9845.397290664088
    ],
    [
      1.3850592348812114,
      0.9838202506620577,
      0.7426189340513454,
      0.14683198983176204,
      0.5459862225933796,
      1.0343354989852245,
      0.5366169179800002,
      0.07838116875698331,
      0.8429606153074423,
      1.5071545515931448,
      1.0359068947692982,
      1.5602933234214502,
      0.8258258198875198,
      0.8535144677955983,
      0.9562738868312695,
      0.8063452328114364,
      1.0947466580615592,
      1.2670847945627959,
      1.4436166034054425,
      0.6267841709456612,
      0.752050742087818,
      0.762684482955839,
      1.260426809551739,
      0.8287777268249971,
      1.2880814319979006,
      1.570608669053168,
      0.9707037434813208,
      0.45685370356075594,
      2.1651764885716696,
      1.1750906934648624,
      1.3148455766222604,
      1.4026546720286621,
      1.0465171180726955,
      1.083519129480993,
      1.7414023287099554,
      1.554065146266396,
      0.7650747355076467,
      1.540363643520727,
      1.164618682914783,
      0.883385378109609
    ],
    [
      0.14689121157244744,
      0.11695641301615543,
      0.11339750554874481,
      0.08051029800963547,
      0.10054327464280496,
      0.13738732209395574,
      0.11905463352600767,
      0.07561525808076083,
      0.13737034755725375,
      0.14230389484545386,
      0.11171678812419707,
      0.1352213458252434,
      0.09691815457134363,
      0.12801679436044394,
      0.11996696840368783,
      0.12773060180327372,
      0.1199248873277277,
      0.12856695084259148,
      0.12229698332928396,
      0.1013344780452381,
      0.11814527514483383,
      0.13234996657193054,
      0.12633101849365472,
      0.10577602183859627,
      0.14834739527365426,
      0.1319831870239896,
      0.13287235055013608,
      0.09786013682240585,
      0.15922652522716502,
      0.1258822098669277,
      0.12370626687238699,
      0.14091107691602867,
      0.11238929017727253,
      0.10348530565188284,
      0.1261946632519616,
      0.14233755535536605,
      0.12580671035471222,
      0.12577925320070793,
      0.13254240395159994,
      0.09590970750273627
    ]
  ]
}